Name,Unique Runes Present
Abyssal_Scream_Ring,crypt_03
Abyssal_Scream_Ring,sigil_12
Abyssal_Scream_Ring,as_01
Abyssal_Scream_Ring,sigil_13
Abyssal_Scream_Ring,sigil_11
Abyssal_Scream_Ring,crypt_05
Abyssal_Scream_Ring,sigil_02
Abyssal_Scream_Ring,crypt_02
Abyssal_Scream_Ring,sigil_04
Abyssal_Scream_Ring,sigil_05
Abyssal_Scream_Ring,sigil_10
Abyssal_Scream_Vent,sigil_18
Abyssal_Scream_Vent,sigil_15
Abyssal_Scream_Vent,crypt_02
Abyssal_Scream_Vent,sigil_01
Abyssal_Scream_Vent,sigil_12
Abyssal_Scream_Vent,crypt_04
Arcursed_Swordbearer_Arm,sigil_11
Arcursed_Swordbearer_Arm,sigil_16
Arcursed_Swordbearer_Arm,sigil_19
Arcursed_Swordbearer_Chest,sigil_16
Arcursed_Swordbearer_Chest,sigil_17
Arcursed_Swordbearer_Sword,sigil_19
Arcursed_Swordbearer_Sword,sigil_01
Arcursed_Swordbearer_Sword,sigil_06
Arcursed_Swordbearer_Thigh,sigil_01
Arcursed_Swordbearer_Thigh,sigil_06
Arcursed_Swordbearer_Thigh,sigil_11
Black_Hammer_Runestone,sigil_11
Black_Hammer_Runestone,jewel
Black_Hammer_Runestone,sigil_06
Basketball_Court,sigil_11
Basketball_Court,sigil_06
Basketball_Court,sigil_08
Basketball_Court,sigil_01
Basketball_Court,sigil_12
Basketball_Court,sigil_15
Chest_Hadium,sigil_18
Chest_Hadium,sigil_11
Chest_Hadium,sigil_01
Chest_Hadium,sigil_07
Chest_Locked_Dreadnaught,sigil_14
Chest_Locked_Dreadnaught,sigil_18
Chest_Locked_Dreadnaught,sigil_11
Chest_Locked_Dreadnaught,sigil_01
Chest_Locked_Dreadnaught,sigil_07
Chest_Locked_Dreadnaught,sigil_04
Chest_Locked_Moon_A,sigil_01
Chest_Locked_Moon_A,sigil_15
Chest_Locked_Moon_A,sigil_12
Chest_Locked_Moon_B,sigil_12
Chest_Locked_Moon_B,sigil_01
Chest_Locked_Moon_B,sigil_15
Chest_Locked_Moon_C,sigil_15
Chest_Locked_Moon_C,sigil_12
Chest_Locked_Moon_C,sigil_01
Console_Blood_Runner,BR_01
Console_Blood_Runner,BR_02
Console_Blood_Runner,xeno_02
Console_Blood_Runner,BR_03
Console_Blood_Runner,BR_04
Console_Control,sigil_05
Console_Control,sigil_03
Console_Control,sigil_02
Console_Control,sigil_01
Console_Control,sigil_10
Console_Control,sigil_08
Console_Control,sigil_07
Console_Control,sigil_06
Console_Control,sigil_15
Console_Control,sigil_13
Console_Control,sigil_12
Console_Control,sigil_11
Console_Control,sigil_18
Console_Control,sigil_17
Console_Control,sigil_16
Console_Control,sigil_23
Console_Control,sigil_21
Console_Control,sigil_20
Console_Control,sigil_19
Console_Wormsinger,sigil_05
Console_Wormsinger,sigil_01
Console_Wormsinger,sigil_03
Console_Wormsinger,sigil_04
Console_Wormsinger,sigil_10
Console_Wormsinger,sigil_06
Console_Wormsinger,sigil_08
Console_Wormsinger,sigil_09
Console_Wormsinger,sigil_15
Console_Wormsinger,sigil_11
Console_Wormsinger,sigil_13
Console_Wormsinger,sigil_14
Console_Wormsinger,sigil_16
Console_Wormsinger,sigil_18
Console_Wormsinger,sigil_23
Console_Wormsinger,sigil_19
Console_Wormsinger,sigil_21
Console_Wormsinger,sigil_22
Court_Oryx,court_01
Court_Oryx,court_02
Court_Oryx,court_03
Crown_Sorrow,sigil_15
Crown_Sorrow,sigil_01
Crown_Sorrow,sigil_02
Crown_Sorrow,sigil_10
Crown_Sorrow,sigil_03
Crown_Sorrow,sigil_04
Crown_Sorrow,sigil_14
Crown_Sorrow,sigil_09
Crown_Sorrow,sigil_07
Crown_Sorrow,sigil_12
Crown_Sorrow,sigil_17
Crown_Sorrow,sigil_11
Crown_Sorrow,sigil_05
Crown_Sorrow,sigil_13
Crown_Sorrow,sigil_21
Cryptoglyph,sigil_18
Cryptoglyph,sigil_15
Cryptoglyph,crypt_02
Cryptoglyph,sigil_12
Cryptoglyph,crypt_01
Cryptoglyph,sigil_01
Cryptoglyph,crypt_05
Cryptoglyph,sigil_02
Cryptoglyph,crypt_04
Cryptoglyph,crypt_03
Cryptolith_Lure,sigil_06
Cryptolith_Lure,sigil_12
Cryptolith_Lure,sigil_01
Cryptolith_Lure,sigil_08
Cryptolith_Lure,sigil_05
Cryptolith_Lure,sigil_15
Cryptolith_Lure,sigil_11
Deathless_Sigil,sigil_01
Deathless_Sigil,sigil_02
Deathless_Sigil,sigil_03
Deathless_Sigil,sigil_04
Deathless_Sigil,sigil_05
Deathless_Sigil,sigil_06
Deathless_Sigil,sigil_07
Deathless_Sigil,sigil_08
Deathless_Sigil,sigil_09
Deathless_Sigil,sigil_10
Deathless_Sigil,sigil_11
Deathless_Sigil,sigil_12
Deathless_Sigil,sigil_13
Deathless_Sigil,sigil_14
Deathless_Sigil,sigil_15
Deathless_Sigil,sigil_16
Deathless_Sigil,sigil_17
Deathless_Sigil,sigil_18
Deathless_Sigil,sigil_19
Deathless_Sigil,sigil_20
Deathless_Sigil,sigil_21
Deathless_Sigil,sigil_22
Deathless_Sigil,sigil_23
Deeping_Wake_Item,sigil_01
Deeping_Wake_Item,sigil_15
Deeping_Wake_Item,sigil_03
Deeping_Wake_Item,sigil_05
Door_Chamber_Suffering,sigil_01
Door_Chamber_Suffering,sigil_02
Door_Chamber_Suffering,sigil_03
Door_Harrow,sigil_12
Door_Harrow,sigil_11
Door_Harrow,sigil_10
Door_Harrow,sigil_15
Door_Harrow,sigil_08
Door_Harrow,sigil_07
Door_Locked,sigil_11
Door_Locked,sigil_11
Door_Locked,sigil_06
Door_Locked,sigil_06
Door_Locked,sigil_01
Door_Locked,sigil_01
Door_Savathun_Court_inital,sigil_13
Door_Savathun_Court_inital,sigil_18
Door_Savathun_Court_inital,sigil_01
Door_Savathun_Court_W1,sigil_03
Door_Savathun_Court_W1,sigil_06
Door_Savathun_Court_W1,sigil_11
Door_Savathun_Court_W1,sigil_15
Door_Savathun_Court_W1,sigil_16
Door_Savathun_Court_W2,sigil_10
Door_Savathun_Court_W2,sigil_18
Door_Savathun_Court_W2,sigil_07
Door_Savathun_Court_W3,sigil_03
Door_Savathun_Court_W3,sigil_02
Door_Savathun_Court_W3,sigil_01
Door_Sunless_Cell,sigil_03
Door_Sunless_Cell,sigil_08
Door_Sunless_Cell,sigil_13
Door_Sunless_Cell,sigil_18
Door_Sunless_Cell,sigil_21
Door_Sunless_Cell,sigil_01
Door_Sunless_Cell,sigil_06
Door_Sunless_Cell,sigil_11
Door_Sunless_Cell,sigil_16
Door_Sunless_Cell,sigil_19
Door_Trail_Hunted,sigil_02
Door_Trail_Hunted,sigil_01
Door_Trail_Hunted,sigil_03
Door_Warpriest,sigil_01
Door_Warpriest,sigil_07
Door_Warpriest,sigil_05
Door_Warpriest,sigil_10
Door_Warpriest,sigil_08
Door_Warpriest,sigil_02
Door_Warpriest,sigil_03
Door_Warpriest,sigil_04
Door_Warpriest,sigil_06
Door_Warpriest,sigil_09
Door_Warpriest,sigil_11
Door_Warpriest,sigil_12
Door_Warpriest,sigil_14
Door_Warpriest,sigil_04
Door_Warpriest,sigil_07
Door_Warpriest,sigil_13
Door_Warpriest,sigil_17
Door_Warpriest,sigil_15
Door_Warpriest,sigil_16
Door_Warpriest,sigil_18
Doors_Tunnel_Despair,sigil_11
Doors_Tunnel_Despair,sigil_06
Doors_Tunnel_Despair,sigil_01
Drowned_Strife_Barrel,sigil_01
Drowned_Strife_Barrel,sigil_05
Drowned_Strife_Barrel,sigil_07
Drowned_Strife_Barrel,sigil_18
Drowned_Strife_Barrel,sigil_15
Drowned_Strife_Barrel,sigil_03
Drowned_Strife_Barrel,sigil_16
Drowned_Strife_Barrel,sigil_11
Drowned_Strife_Barrel,sigil_17
Drowned_Strife_Barrel,sigil_02
Drowned_Strife_Barrel,sigil_13
Drowned_Strife_Barrel,sigil_10
Drowned_Strife_Barrel,sigil_12
Drowned_Strife_Barrel,shrieker_03
Drowned_Strife_Barrel,sigil_06
Drowned_Strife_Handle,sigil_15
Drowned_Strife_Handle,sigil_12
Drowned_Strife_Handle,sigil_10
Enduring_Abyss_Hanging,sigil_01
Enduring_Abyss_Hanging,sigil_02
Enduring_Abyss_Hanging,sigil_05
Galrahn_Deception,sigil_03
Galrahn_Deception,sigil_08
Galrahn_Deception,sigil_09
Galrahn_Deception,sigil_10
Galrahn_Deception,sigil_07
Galrahn_Deception,sigil_13
Galrahn_Deception,sigil_14
Galrahn_Deception,sigil_15
Heart_Crota,sigil_08
Heart_Crota,sigil_15
Heart_Crota,sigil_12
Hellrise_Canyon,sigil_11
Hellrise_Canyon,sigil_16
Hellrise_Canyon,sigil_03
Hellrise_Canyon,sigil_08
Hellrise_Canyon,sigil_13
Hellrise_Canyon,sigil_18
Hellrise_Canyon,sigil_04
Hellrise_Canyon,sigil_09
Hive_Ritual_PE_Heroic,sigil_01
Hive_Ritual_PE_Heroic,sigil_15
Hive_Ritual_PE_Heroic,sigil_12
Hive_Ritual_PE_Heroic,sigil_11
Hive_Ritual_PE_Heroic,sigil_06
Hive_Ritual_PE_Heroic,sigil_09
Hive_Sword_Replica_Right,sigil_01
Hive_Sword_Replica_Right,sigil_02
Hive_Sword_Replica_Right,sigil_03
Hive_Sword_Replica_Right,sigil_05
Hive_Sword_Replica_Right,sigil_16
Hive_Sword_Replica_Right,sigil_10
Hive_Sword_Replica_Right,sigil_18
Hive_Sword_Replica_Right,sigil_15
Hive_Sword_Replica_Right,sigil_13
Hive_Sword_Replica_Right,sigil_12
Hive_Sword_Replica_Right,crypt_01
Hive_Sword_Replica_Left,sigil_05
Hive_Sword_Replica_Left,sigil_18
Hive_Sword_Replica_Left,sigil_02
Hive_Sword_Replica_Left,sigil_01
Hive_Sword_Replica_Left,crypt_01
Hive_Sword_Replica_Left,sigil_03
Hive_Sword_Replica_Left,sigil_12
Hive_Sword_Replica_Left,sigil_10
Hive_Sword_Replica_Left,sigil_16
Hive_Sword_Replica_Left,sigil_13
Hive_Sword_Replica_Left,sigil_15
Interloper_Ritual,court_01
Interloper_Ritual,inter_04
Interloper_Ritual,inter_03
Interloper_Ritual,inter_02
Interloper_Ritual,inter_01
Interloper_Ritual,court_03
Lego_Brick,sigil_04
Lego_Brick,sigil_06
Lego_Brick,sigil_02
Lego_Brick,sigil_09
Lego_Brick,sigil_03
Lego_Brick,sigil_16
Lego_Brick,sigil_07
Lego_Brick,sigil_10
Lego_Brick,sigil_17
Lego_Brick,sigil_15
Lego_Brick,sigil_18
Lego_Brick,sigil_05
Lego_Brick,sigil_11
Lego_Brick,sigil_14
Mongrel_Ogre_Grasps,sigil_05
Mongrel_Ogre_Grasps,sigil_18
Mongrel_Ogre_Grasps,sigil_07
Necrotic_Cypher,sigil_01
Necrotic_Cypher,sigil_02
Necrotic_Cypher,sigil_03
Necrotic_Cypher,sigil_04
Necrotic_Cypher,sigil_05
Necrotic_Cypher,sigil_06
Necrotic_Cypher,sigil_07
Necrotic_Cypher,sigil_08
Necrotic_Cypher,sigil_09
Necrotic_Cypher,sigil_10
Necrotic_Cypher,sigil_11
Necrotic_Cypher,sigil_12
Necrotic_Cypher,sigil_13
Necrotic_Cypher,sigil_14
Necrotic_Cypher,sigil_15
Necrotic_Cypher,sigil_16
Necrotic_Cypher,sigil_17
Necrotic_Cypher,sigil_18
Rose_Corruption,sigil_05
Rose_Corruption,sigil_04
Rose_Corruption,sigil_03
Rose_Corruption,sigil_02
Rose_Corruption,sigil_01
Rose_Corruption,rose_01
Rose_Corruption,xeno_01
Rose_Corruption,shrieker_04
Savathun_Song_Keystone,sigil_07
Savathun_Song_Keystone,sigil_11
Savathun_Song_Keystone,sigil_12
Savathun_Song_Keystone,sigil_19
Savathun_Song_Keystone,sigil_05
Savathun_Song_Keystone,sigil_06
Savathun_Song_Keystone,sigil_20
Savathun_Song_Keystone,sigil_18
Savathun_Song_Keystone,sigil_03
Savathun_Song_Keystone,sigil_14
Savathun_Song_Keystone,sigil_02
Savathun_Song_Keystone,sigil_09
Savathun_Song_Keystone,sigil_15
Savathun_Song_Keystone,sigil_22
Savathun_Song_Keystone,sigil_23
Savathun_Song_Keystone,sigil_13
Savathun_Song_Keystone,sigil_10
Savathun_Song_Keystone,sigil_01
Savathun_Song_Shrieker,sigil_03
Savathun_Song_Shrieker,sigil_10
Savathun_Song_Shrieker,sigil_13
Savathun_Song_Shrieker,sigil_15
Savathun_Song_Shrieker,sigil_04
Savathun_Song_Shrieker,sigil_07
Savathun_Song_Shrieker,sigil_18
Savathun_Song_Shrieker,sigil_19
Savathun_Song_Shrieker,shrieker_03
Savathun_Song_Shrieker,shrieker_04
Savathun_Song_Shrieker,shrieker_01
Savathun_Song_Shrieker,xeno_06
Savathun_Song_Shrieker,shrieker_05
Shadows_Yor,sigil_16
Shadows_Yor,yor_03
Shadows_Yor,yor_01
Shadows_Yor,sigil_13
Shadows_Yor,yor_04
Shadows_Yor,yor_02
Shadows_Yor,yor_05
Shrieker_D1,sigil_03
Shrieker_D1,sigil_10
Shrieker_D1,sigil_13
Shrieker_D1,sigil_15
Shrieker_D1,sigil_04
Shrieker_D1,sigil_07
Shrieker_D1,sigil_18
Shrieker_D1,sigil_19
Shrieker_D1,sigil_02
Shrieker_D1,sigil_11
Shrieker_D1,xeno_02
Shrieker_D1,xeno_01
Shrieker_D1,xeno_05
Shrieker_D1,shrieker_03
Shrieker_D1,shrieker_04
Shrieker_D1,shrieker_01
Shrieker_D1,xeno_06
Shrieker_D1,shrieker_05
Shrieker_D2,sigil_03
Shrieker_D2,sigil_10
Shrieker_D2,sigil_13
Shrieker_D2,sigil_15
Shrieker_D2,sigil_04
Shrieker_D2,sigil_07
Shrieker_D2,sigil_18
Shrieker_D2,sigil_19
Shrieker_D2,sigil_02
Shrieker_D2,sigil_11
Shrieker_D2,sigil_15
Shrieker_D2,sigil_16
Shrieker_D2,xeno_02
Shrieker_D2,xeno_01
Shrieker_D2,xeno_05
Shrieker_D2,shrieker_03
Shrieker_D2,shrieker_04
Shrieker_D2,shrieker_01
Shrieker_D2,xeno_06
Shrieker_D2,shrieker_05
Summoning_Stone_Inner_Pillar_Back,sigil_11
Summoning_Stone_Inner_Pillar_Back,sigil_22
Summoning_Stone_Inner_Pillar_Back,sigil_17
Summoning_Stone_Inner_Pillar_Back,sigil_03
Summoning_Stone_Inner_Pillar_Back,sigil_10
Summoning_Stone_Inner_Pillar_Back,sigil_08
Summoning_Stone_Inner_Pillar_Back,sigil_16
Summoning_Stone_Inner_Pillar_Front,sigil_11
Summoning_Stone_Inner_Pillar_Front,sigil_22
Summoning_Stone_Inner_Pillar_Front,sigil_17
Summoning_Stone_Inner_Pillar_Front,sigil_10
Summoning_Stone_Inner_Pillar_Front,sigil_13
Summoning_Stone_Inner_Pillar_Front,sigil_16
Summoning_Stone_Inner_Pillar_Front,sigil_06
Summoning_Stone_Inner_Pillar_Front,sigil_18
Summoning_Stone_Inner_Pillar_Left,sigil_05
Summoning_Stone_Inner_Pillar_Left,sigil_11
Summoning_Stone_Inner_Pillar_Left,sigil_06
Summoning_Stone_Inner_Pillar_Left,sigil_22
Summoning_Stone_Inner_Pillar_Left,sigil_17
Summoning_Stone_Inner_Pillar_Left,sigil_16
Summoning_Stone_Inner_Pillar_Left,sigil_07
Summoning_Stone_Inner_Pillar_Left,sigil_18
Summoning_Stone_Inner_Pillar_Mid,sigil_05
Summoning_Stone_Inner_Pillar_Mid,sigil_11
Summoning_Stone_Inner_Pillar_Mid,sigil_06
Summoning_Stone_Inner_Pillar_Mid,sigil_22
Summoning_Stone_Inner_Pillar_Mid,sigil_17
Summoning_Stone_Inner_Pillar_Mid,sigil_02
Summoning_Stone_Inner_Pillar_Mid,sigil_15
Summoning_Stone_Inner_Pillar_Mid,sigil_07
Summoning_Stone_Inner_Pillar_Mid,sigil_16
Summoning_Stone_Inner_Pillar_Mid,sigil_18
Summoning_Stone_Outer_Pillar,sigil_06
Summoning_Stone_Outer_Pillar,sigil_11
Summoning_Stone_Outer_Pillar,sigil_01
Summoning_Stone_Outer_Pillar,sigil_22
Summoning_Stone_Outer_Pillar,sigil_17
Summoning_Stone_Outer_Pillar,sigil_16
Summoning_Stone_Outer_Pillar,sigil_05
Summoning_Stone_Outer_Pillar,sigil_12
Summoning_Stone_Outer_Pillar,sigil_09
Summoning_Stone_Outer_Pillar,sigil_04
Tablet_Ruin,sigil_01
Tablet_Ruin,sigil_12
Tablet_Ruin,sigil_15
Tablet_Ruin,sigil_11
Tablet_Ruin,sigil_06
Tablet_Ruin,sigil_08
Tomb_Husk,sigil_01
Tomb_Husk,sigil_02
Tomb_Husk,sigil_03
Tomb_Husk,sigil_04
Tomb_Husk,sigil_05
Tomb_Husk,sigil_06
Tomb_Husk,sigil_07
Tomb_Husk,sigil_08
Tomb_Husk,sigil_09
Tomb_Husk,sigil_10
Tomb_Husk,sigil_11
Tomb_Husk,sigil_12
Tomb_Husk,sigil_13
Tomb_Husk,sigil_14
Tomb_Husk,sigil_15
Void_Pedestal,sigil_13
Void_Pedestal,sigil_01
Void_Pedestal,sigil_04
Void_Pedestal,sigil_07
Void_Pedestal,sigil_23
Void_Pedestal,sigil_08
Void_Pedestal,sigil_03
Void_Pedestal,sigil_10
Void_Pedestal,sigil_20
Void_Pedestal,sigil_14
Void_Pedestal,sigil_11
Void_Pedestal,sigil_12
Void_Pedestal,sigil_15
Void_Pedestal,sigil_17
Void_Pedestal,sigil_21
Void_Pedestal,sigil_19
Void_Pedestal,sigil_02
Void_Pedestal,sigil_05
Void_Pedestal,sigil_06
Void_Pedestal,sigil_18
Void_Pedestal,sigil_16
Void_Pedestal,sigil_22
Wormstone_Idol_Left,sigil_01
Wormstone_Idol_Left,sigil_16
Wormstone_Idol_Left,sigil_06
Wormstone_Idol_Left,sigil_02
Wormstone_Idol_Left,sigil_09
Wormstone_Idol_Left,sigil_13
Wormstone_Idol_Left,sigil_10
Wormstone_Idol_Left,sigil_03
Wormstone_Idol_Mid,sigil_15
Wormstone_Idol_Mid,sigil_01
Wormstone_Idol_Mid,sigil_16
Wormstone_Idol_Mid,sigil_06
Wormstone_Idol_Mid,sigil_02
Wormstone_Idol_Mid,sigil_09
Wormstone_Idol_Mid,sigil_13
Wormstone_Idol_Mid,sigil_10
Wormstone_Idol_Mid,sigil_03
Wormstone_Idol_Right,sigil_12
Wormstone_Idol_Right,sigil_01
Wormstone_Idol_Right,sigil_16
Wormstone_Idol_Right,sigil_06
Wormstone_Idol_Right,sigil_02
Wormstone_Idol_Right,sigil_09
Wormstone_Idol_Right,sigil_13
Wormstone_Idol_Right,sigil_10
Wormstone_Idol_Right,sigil_03
Xenophage,xeno_01
Xenophage,sigil_05
Xenophage,sigil_18
Xenophage,sigil_01
Xenophage,sigil_15
Xenophage,sigil_12
Xenophage,sigil_11
Xenophage,xeno_02
Xenophage,sigil_10
Xenophage,xeno_03
Xenophage,sigil_04
Xenophage,xeno_04
Xenophage,xeno_05
Xenophage,xeno_06
Xenophage,sigil_07
Xenophage,xeno_07
Xenophage,sigil_03
Xenophage,sigil_06